id,subject,grade,difficulty,real_exam,total_ex,priority,title
B_B2_03,biology,7,2,0,0,20.0,动物的主要类群
B_B2_04,biology,7,2,0,0,20.0,保护生物多样性
B_B3_04,biology,8,3,0,0,20.0,生态系统的物质循环
B_B4_07,biology,8,2,0,0,20.0,人的性别决定
B_B5_04,biology,8,2,0,0,20.0,用药与急救
CH_C2_05,chemistry,9,3,0,0,19.0,常见的酸
CH_C3_04,chemistry,9,3,0,0,19.0,化学方程式
CH_C3_06,chemistry,9,3,0,0,19.0,化学式计算
CH_C4_02,chemistry,9,3,0,0,19.0,质量守恒定律
B_B4_04,biology,8,3,0,0,19.0,DNA 是遗传物质
B_B4_05,biology,8,3,0,0,19.0,基因与性状
IT_I1_05,info_tech,7-9,3,0,0,19.0,数据分析与预测
M_G4_ST_06,math,7-9,2,0,0,18.0,中位数/众数/平均数
B_B2_01,biology,7,2,0,0,18.0,生物分类
B_B4_08,biology,8,2,0,0,18.0,遗传病与优生优育
B_B4_09,biology,8,3,0,0,18.0,生命的起源与进化
B_B5_02,biology,8,3,0,0,18.0,免疫与计划免疫
B_B5_03,biology,8,1,0,0,18.0,健康的生活方式
CH_C1_05,chemistry,9,2,0,0,17.0,氧化物
CH_C3_02,chemistry,9,3,0,0,17.0,元素周期表
B_B3_05,biology,8,3,0,0,17.0,生态系统的自我调节
B_B4_02,biology,8,2,0,0,17.0,动物的生殖和发育
B_B6_02,biology,7-8,2,0,0,17.0,植物栽培与动物饲养
B_G79_BS_01,biology,7-9,2,0,0,17.0,细胞的生活
B_G79_BS_04,biology,7-9,2,0,0,17.0,植物的几种组织
B_G79_BD_01,biology,7-9,2,0,0,17.0,无脊椎动物: 腔肠动物
B_G79_BD_03,biology,7-9,2,0,0,17.0,细菌的形态
B_G79_CL_01,biology,7-9,3,0,0,17.0,基因和染色体
CH_C1_01,chemistry,9,1,0,0,16.0,物质的多样性
CH_C2_01,chemistry,9,2,0,0,16.0,金属的物理性质
CH_C2_02,chemistry,9,3,0,0,16.0,金属活动性顺序
CH_C2_03,chemistry,9,3,0,0,16.0,金属的冶炼
CH_C3_05,chemistry,9,2,0,0,16.0,相对原子质量
B_G79_BS_03,biology,7-9,2,0,0,16.0,细胞核
B_G79_BD_02,biology,7-9,2,0,0,16.0,脊椎动物: 鱼类
B_G79_BE_01,biology,7-9,2,0,0,16.0,环境对生物的影响
B_G79_BE_02,biology,7-9,1,0,0,16.0,自然保护区
M_G4_NS_06,math,7-9,1,0,0,15.0,科学记数法
M_G4_NS_11,math,7-9,3,0,0,15.0,二次根式
CH_C2_06,chemistry,9,3,0,0,15.0,常见的碱
CH_C2_07,chemistry,9,3,0,0,15.0,酸碱中和反应
CH_C2_08,chemistry,9,2,0,0,15.0,pH 测定
CH_C2_09,chemistry,9,3,0,0,15.0,常见的盐
CH_C2_10,chemistry,9,3,0,0,15.0,复分解反应
CH_C4_03,chemistry,9,3,0,0,15.0,化学反应的实质
CH_C4_05,chemistry,9,3,0,0,15.0,氧化反应与还原反应
CH_C4_06,chemistry,9,2,0,0,15.0,燃烧与灭火
CH_C5_03,chemistry,9,2,0,0,15.0,化学与材料
CH_C5_04,chemistry,9,2,0,0,15.0,化学与环境
CH_C6_02,chemistry,9,3,0,0,15.0,原子的结构
B_B4_01,biology,8,2,0,0,15.0,植物的有性生殖
CH_G79_PA_01,chemistry,7-9,2,0,0,15.0,金属资源的利用
B_G79_BS_02,biology,7-9,2,0,0,15.0,细胞中的物质
B_G79_BS_05,biology,7-9,2,0,0,15.0,器官
B_G79_CL_02,biology,7-9,3,0,0,15.0,DNA
IT_G79_PG_05,info_tech,7-9,4,0,0,15.0,二叉树
IT_G79_AI_02,info_tech,7-9,3,0,0,15.0,AI 项目实践
M_G4_QR_03,math,7-9,3,0,0,14.0,一元一次不等式
M_G4_GM_29,math,7-9,3,0,0,14.0,锐角三角函数
CH_C6_01,chemistry,9,2,0,0,14.0,分子与原子
B_B6_01,biology,7-8,2,0,0,14.0,模型制作
ML_ML_G9_05,morality_law,9,2,0,0,14.0,少年的担当
CH_G79_CM_01,chemistry,7-9,2,0,0,14.0,分子
CH_G79_PA_02,chemistry,7-9,2,0,0,14.0,水的组成
CH_G79_CR_01,chemistry,7-9,2,0,0,14.0,放热反应和吸热反应
CH_G79_EX_01,chemistry,7-9,2,0,0,14.0,蒸发结晶
B_G79_BS_06,biology,7-9,2,0,0,14.0,系统
B_G79_BD_04,biology,7-9,2,0,0,14.0,细菌的繁殖
ML_G79_RE_03,morality_law,7-9,1,0,0,14.0,全球责任
ML_G79_EC_03,morality_law,7-9,1,0,0,14.0,高质量发展
IT_G79_PG_02,info_tech,7-9,4,0,0,14.0,继承和多态
IT_G79_PG_03,info_tech,7-9,3,0,0,14.0,栈和队列
IT_G79_PG_04,info_tech,7-9,3,0,0,14.0,链表
IT_G79_DA_02,info_tech,7-9,3,0,0,14.0,数据挖掘初步
M_G4_GM_10,math,7-9,3,0,0,13.0,三角形相似
M_G4_GM_20,math,7-9,3,0,0,13.0,弧长与扇形面积
CH_C2_04,chemistry,9,2,0,0,13.0,金属的腐蚀与防护
CH_C3_01,chemistry,9,2,0,0,13.0,元素
CH_C4_01,chemistry,9,2,0,0,13.0,物质的变化
CH_C6_04,chemistry,9,3,0,0,13.0,常见气体的制取
CH_G79_CM_03,chemistry,7-9,3,0,0,13.0,离子
CH_G79_CM_04,chemistry,7-9,3,0,0,13.0,化合价
CH_G79_PA_04,chemistry,7-9,1,0,0,13.0,爱护水资源
CH_G79_PA_05,chemistry,7-9,2,0,0,13.0,pH 值
CH_G79_SO_01,chemistry,7-9,2,0,0,13.0,化学与能源
CH_G79_EX_02,chemistry,7-9,2,0,0,13.0,过滤操作
CH_G79_EX_03,chemistry,7-9,2,0,0,13.0,二氧化碳的制取
CH_G79_MI_01,chemistry,7-9,4,0,0,13.0,化学键
B_G79_CL_03,biology,7-9,3,0,0,13.0,生物的变异
B_G79_CL_05,biology,7-9,3,0,0,13.0,生物进化的证据
ML_G79_NT_02,morality_law,7-9,1,0,0,13.0,党的领导
ML_G79_NT_03,morality_law,7-9,1,0,0,13.0,社会主义制度
ML_G79_NT_04,morality_law,7-9,1,0,0,13.0,中华民族共同体
ML_G79_RE_02,morality_law,7-9,1,0,0,13.0,历史责任
ML_G79_CU_03,morality_law,7-9,1,0,0,13.0,社会主义先进文化
IT_G79_DA_05,info_tech,7-9,1,0,0,13.0,信息处理: 文字
M_G2_NS_03,math,3-4,3,0,0,12.0,多位数的乘除法
M_G4_NS_09,math,7-9,2,0,0,12.0,无理数
M_G4_GM_07,math,7-9,2,0,0,12.0,直角三角形
M_G4_ST_10,math,7-9,3,0,0,12.0,古典概型
P_P1_01,physics,8,1,0,0,12.0,三种物态的基本特征
P_P1_06,physics,8,2,0,0,12.0,水循环
CH_G79_CM_02,chemistry,7-9,2,0,0,12.0,原子
CH_G79_PA_03,chemistry,7-9,1,0,0,12.0,水的净化
B_G79_CL_04,biology,7-9,3,0,0,12.0,遗传病
B_G79_HE_01,biology,7-9,1,0,0,12.0,了解自己
ML_G79_LG_01,morality_law,7-9,1,0,0,12.0,法治社会
ML_G79_CU_04,morality_law,7-9,1,0,0,12.0,文化自信
ML_G79_GR_01,morality_law,7-9,1,0,0,12.0,人生规划
ML_G79_LF_01,morality_law,7-9,1,0,0,12.0,生命教育
IT_G79_PG_01,info_tech,7-9,3,0,0,12.0,面向对象基础
IT_G79_AI_01,info_tech,7-9,3,0,0,12.0,监督学习和无监督学习
IT_G79_DA_03,info_tech,7-9,1,0,0,12.0,信息安全: 文明礼仪
IT_G79_DA_04,info_tech,7-9,1,0,0,12.0,网络: 网络搜索与辅助协作学习
M_G2_NS_07,math,3-4,2,0,0,11.0,同分母分数加减法
M_G2_NS_08,math,3-4,2,0,0,11.0,一位小数加减法
M_G3_NS_11,math,5-6,3,0,0,11.0,比的意义与性质
M_G3_ST_04,math,5-6,3,0,0,11.0,中位数
M_G4_QR_02,math,7-9,3,0,0,11.0,二元一次方程组
M_G4_QR_04,math,7-9,3,0,0,11.0,一元一次不等式组
M_G4_GM_15,math,7-9,2,0,0,11.0,梯形
M_G4_GM_16,math,7-9,2,0,0,11.0,多边形内角和
M_G4_GM_19,math,7-9,3,0,0,11.0,圆的切线
M_G4_GM_21,math,7-9,2,0,0,11.0,投影与视图
M_G4_GM_24,math,7-9,2,0,0,11.0,轴对称
M_G4_GM_30,math,7-9,3,0,0,11.0,解直角三角形
M_G4_ST_04,math,7-9,2,0,0,11.0,频数与频率
M_G4_ST_05,math,7-9,3,0,0,11.0,频数分布表与直方图
M_G4_ST_07,math,7-9,3,0,0,11.0,极差/方差/标准差
M_G4_ST_09,math,7-9,2,0,0,11.0,概率意义
P_P4_02,physics,8-9,3,0,0,11.0,电流/电压/电阻
P_P5_02,physics,8-9,3,0,0,11.0,能量转化与守恒
CH_C5_01,chemistry,9,2,0,0,11.0,化学与可持续发展
G_G6_02,geography,7,2,0,0,11.0,东南亚
G_G6_03,geography,7,2,0,0,11.0,印度
IT_I4_04,info_tech,7-9,3,0,0,11.0,物联网
M_G79_QR_01,math,7-9,3,0,0,11.0,不等式的基本性质
M_G79_SP_03,math,7-9,2,0,0,11.0,折线图
CH_G79_CR_02,chemistry,7-9,1,0,0,11.0,燃料的充分燃烧
B_G79_HE_02,biology,7-9,2,0,0,11.0,传染病的概念
B_G79_HE_04,biology,7-9,1,0,0,11.0,止血方法
B_G79_CP_01,biology,7-9,1,0,0,11.0,生物与农业
B_G79_CP_04,biology,7-9,3,0,0,11.0,生物技术: 克隆
ML_G79_RE_01,morality_law,7-9,1,0,0,11.0,社会责任
ML_G79_EC_01,morality_law,7-9,1,0,0,11.0,基本经济制度
IT_G79_SR_02,info_tech,7-9,1,0,0,11.0,聚焦课程目标和课程内容的关键问
M_G2_QR_05,math,3-4,3,0,0,10.0,等量的等量相等
M_G2_GM_02,math,3-4,2,0,0,10.0,角的度量
M_G2_GM_03,math,3-4,2,0,0,10.0,角的分类
M_G3_NS_03,math,5-6,3,0,0,10.0,约分与通分
M_G3_NS_06,math,5-6,3,0,0,10.0,小数乘除法
M_G3_NS_09,math,5-6,2,0,0,10.0,百分数
M_G4_NS_14,math,7-9,2,0,0,10.0,合并同类项
M_G4_GM_13,math,7-9,2,0,0,10.0,菱形
M_G4_GM_14,math,7-9,2,0,0,10.0,正方形
M_G4_GM_31,math,7-9,2,0,0,10.0,坐标与图形位置
M_G4_ST_11,math,7-9,3,0,0,10.0,用频率估计概率
P_P1_05,physics,8,2,0,0,10.0,物态变化:升华凝华
P_P1_08,physics,8,3,0,0,10.0,分子动理论
P_P2_01,physics,8,2,0,0,10.0,机械运动与参照物
P_P2_02,physics,8,2,0,0,10.0,分子热运动
P_P2_03,physics,8,1,0,0,10.0,长度与时间测量
P_P2_05,physics,8,2,0,0,10.0,力的概念
P_P2_06,physics,8,1,0,0,10.0,力的测量:弹簧测力计
P_P3_01,physics,8,2,0,0,10.0,声音的产生与传播
P_P3_02,physics,8,2,0,0,10.0,声音的特性:音调/响度/音色
P_P3_04,physics,8,2,0,0,10.0,光的直线传播
P_P4_04,physics,8-9,3,0,0,10.0,串并联电路
P_P4_07,physics,8-9,2,0,0,10.0,家庭电路
P_P4_08,physics,8-9,2,0,0,10.0,磁现象与磁场
P_P4_11,physics,8-9,3,0,0,10.0,电动机
P_P4_12,physics,8-9,3,0,0,10.0,电磁感应
P_P5_01,physics,8-9,2,0,0,10.0,能量及其形式
P_P6_01,physics,8-9,3,0,0,10.0,科学探究方法
P_P6_02,physics,8-9,3,0,0,10.0,实验设计能力
P_P7_01,physics,8-9,2,0,0,10.0,物理学与日常生活
P_P7_02,physics,8-9,3,0,0,10.0,物理学与工程实践
CH_C6_03,chemistry,9,2,0,0,10.0,化学实验基本操作
IT_I2_01,info_tech,4-9,1,0,0,10.0,算法的概念
IT_I2_02,info_tech,4-9,2,0,0,10.0,算法的描述
IT_I2_03,info_tech,4-9,2,0,0,10.0,顺序结构
IT_I4_01,info_tech,4-9,2,0,0,10.0,网络基础
M_G79_NS_03,math,7-9,3,0,0,10.0,代入消元法
M_G79_GG_01,math,7-9,4,0,0,10.0,反证法
M_G79_GG_03,math,7-9,1,0,0,10.0,有序数对
M_G79_GG_05,math,7-9,3,0,0,10.0,位似的性质
M_G79_GG_07,math,7-9,4,0,0,10.0,正弦
M_G79_SP_01,math,7-9,2,0,0,10.0,随机抽样
M_G79_QR_02,math,7-9,1,0,0,10.0,探索加法和减法的算理与算法
M_G79_SP_10,math,7-9,1,0,0,10.0,能解释数据分析的结果
P_G79_MA_06,physics,7-9,1,0,0,10.0,质量
P_G79_MI_08,physics,7-9,2,0,0,10.0,连通器
B_G79_HE_03,biology,7-9,2,0,0,10.0,免疫
B_G79_CP_03,biology,7-9,2,0,0,10.0,生物与环境治理
IT_G34_DA_02,info_tech,3-4,2,0,0,10.0,数据的可靠性
IT_G34_AL_03,info_tech,3-4,2,0,0,10.0,枚举算法
IT_G34_PG_02,info_tech,3-4,1,0,0,10.0,程序的执行
IT_G34_PG_03,info_tech,3-4,2,0,0,10.0,小程序设计
IT_G34_SY_02,info_tech,3-4,2,0,0,10.0,信息的表示
IT_G79_SR_01,info_tech,7-9,1,0,0,10.0,算法: 问题的步又分解一算法的
M_G1_ST_01,math,1-2,1,0,0,9.0,数据分类方法
M_G2_NS_04,math,3-4,2,0,0,9.0,小数的初步认识
M_G2_NS_05,math,3-4,2,0,0,9.0,分数的初步认识
M_G3_GM_02,math,5-6,2,0,0,9.0,圆周率
M_G3_GM_05,math,5-6,2,0,0,9.0,扇形
M_G3_GM_07,math,5-6,3,0,0,9.0,圆柱表面积
M_G4_QR_13,math,7-9,3,0,0,9.0,函数应用
M_G4_GM_03,math,7-9,2,0,0,9.0,平行线
M_G4_GM_05,math,7-9,3,0,0,9.0,等腰三角形
M_G4_GM_09,math,7-9,3,0,0,9.0,勾股定理逆定理
M_G4_GM_12,math,7-9,2,0,0,9.0,矩形
M_G4_GM_32,math,7-9,3,0,0,9.0,坐标与图形运动
M_G4_ST_03,math,7-9,2,0,0,9.0,总体/个体/样本/样本容量
P_P1_04,physics,8,2,0,0,9.0,物态变化:汽化液化
P_P2_09,physics,8,2,0,0,9.0,二力平衡
P_P2_12,physics,8-9,3,0,0,9.0,压强
P_P4_03,physics,8-9,3,0,0,9.0,欧姆定律
P_P4_05,physics,8-9,3,0,0,9.0,电功与电功率
P_P4_09,physics,8-9,3,0,0,9.0,电流的磁效应
H_H2_CM_08,history,9,3,0,0,9.0,国民革命
H_H2_CM_09,history,9,3,0,0,9.0,红军长征
H_H2_CM_10,history,9,3,0,0,9.0,抗日战争
H_H3_CR_01,history,9,2,0,0,9.0,新中国成立与巩固
H_H3_CR_02,history,9,2,0,0,9.0,社会主义制度建立
G_G5_03,geography,7,2,0,0,9.0,亚洲分区
G_G7_02,geography,8,2,0,0,9.0,撒哈拉以南非洲
G_G8_01,geography,8,2,0,0,9.0,美国
G_G9_01,geography,8,2,0,0,9.0,南极地区
G_G10_02,geography,8,1,0,0,9.0,中国的民族
G_G10_04,geography,8,2,0,0,9.0,中国的气候
G_G10_08,geography,8,2,0,0,9.0,中国的交通
G_G11_01,geography,8,2,0,0,9.0,北方地区
G_G11_02,geography,8,2,0,0,9.0,南方地区
G_G11_03,geography,8,2,0,0,9.0,西北地区
G_G11_04,geography,8,2,0,0,9.0,青藏地区
G_G11_05,geography,8,2,0,0,9.0,香港澳门台湾
ML_ML_G2_04,morality_law,2,1,0,0,9.0,爱护环境
IT_I1_02,info_tech,3-6,2,0,0,9.0,数据的获取与整理
IT_I2_04,info_tech,4-9,2,0,0,9.0,分支结构
IT_I2_05,info_tech,5-9,3,0,0,9.0,循环结构
IT_I3_01,info_tech,3-6,2,0,0,9.0,图形化编程
IT_I4_02,info_tech,4-9,1,0,0,9.0,互联网应用
IT_I5_03,info_tech,3-6,1,0,0,9.0,文件管理
IT_I7_02,info_tech,4-9,2,0,0,9.0,数字公民
M_G79_GG_04,math,7-9,2,0,0,9.0,平面直角坐标系
M_G79_GG_06,math,7-9,3,0,0,9.0,位似的应用
M_G79_GG_11,math,7-9,4,0,0,9.0,用三角函数解决问题
M_G79_GG_12,math,7-9,2,0,0,9.0,展开与折叠
M_G79_SP_02,math,7-9,3,0,0,9.0,分层抽样
CN_G79_WR_06,chinese,7-9,4,0,0,9.0,论点论据论证
P_G79_MA_04,physics,7-9,2,0,0,9.0,物质的构成
P_G79_MI_03,physics,7-9,2,0,0,9.0,弹力
P_G79_MI_05,physics,7-9,2,0,0,9.0,惯性
P_G79_MI_09,physics,7-9,3,0,0,9.0,阿基米德原理
P_G79_MI_11,physics,7-9,2,0,0,9.0,杠杆
P_G79_EN_04,physics,7-9,2,0,0,9.0,内能的概念
P_G79_EN_08,physics,7-9,2,0,0,9.0,热机的概念
P_G79_LI_02,physics,7-9,2,0,0,9.0,凸透镜的应用: 照相机
P_G79_EM_07,physics,7-9,1,0,0,9.0,磁体和磁极
P_G79_EM_10,physics,7-9,3,0,0,9.0,电磁波
P_G79_EX_04,physics,7-9,1,0,0,9.0,刻度尺的使用
B_G79_CP_02,biology,7-9,2,0,0,9.0,生物与医药
G_G79_WC_06,geography,7-9,2,0,0,9.0,气温的分布
ML_G12_GR_02,morality_law,1-2,1,0,0,9.0,我爱学做人
ML_G12_GR_03,morality_law,1-2,1,0,0,9.0,养成好习惯
ML_G12_GR_04,morality_law,1-2,1,0,0,9.0,我和同学
ML_G12_GR_05,morality_law,1-2,1,0,0,9.0,校园新生活
ML_G12_GR_06,morality_law,1-2,1,0,0,9.0,老师我爱您
ML_G12_FM_02,morality_law,1-2,1,0,0,9.0,自己的事自己做
ML_G12_RU_02,morality_law,1-2,1,0,0,9.0,遵守交通规则
ML_G12_RU_03,morality_law,1-2,1,0,0,9.0,遵守公共秩序
ML_G12_MO_02,morality_law,1-2,1,0,0,9.0,守信
ML_G12_MO_03,morality_law,1-2,1,0,0,9.0,友爱
ML_G12_MO_04,morality_law,1-2,1,0,0,9.0,讲礼貌
ML_G12_IA_02,morality_law,1-2,1,0,0,9.0,学会宽容
ML_G34_FM_02,morality_law,3-4,1,0,0,9.0,和睦的家庭
SC_G79_TE_03,science,7-9,1,0,0,9.0,空气与水 | @认识空气是无色
SC_G79_TE_04,science,7-9,1,0,0,9.0,物质的| 随着吸热和放热
SC_G79_TE_05,science,7-9,1,0,0,9.0,物质变 | @知道有些物体的形
M_G2_NS_01,math,3-4,2,0,0,8.0,万以上数的认识
M_G2_NS_02,math,3-4,2,0,0,8.0,多位数的读写
M_G2_NS_06,math,3-4,2,0,0,8.0,分数单位
M_G2_NS_17,math,3-4,3,0,0,8.0,公倍数与最小公倍数
M_G2_NS_18,math,3-4,3,0,0,8.0,公因数与最大公因数
M_G2_NS_19,math,3-4,1,0,0,8.0,奇数与偶数
M_G2_NS_20,math,3-4,2,0,0,8.0,质数与合数
M_G2_NS_21,math,3-4,2,0,0,8.0,2/3/5 倍数特征
M_G2_NS_22,math,3-4,2,0,0,8.0,估算
M_G2_QR_03,math,3-4,2,0,0,8.0,常见数量关系:总价=单价×数量
M_G2_QR_06,math,3-4,2,0,0,8.0,探索简单规律
M_G2_GM_09,math,3-4,3,0,0,8.0,梯形面积
M_G2_ST_02,math,3-4,2,0,0,8.0,条形统计图
M_G3_NS_02,math,5-6,3,0,0,8.0,分数基本性质
M_G3_QR_05,math,5-6,3,0,0,8.0,解决问题策略:假设
M_G3_QR_06,math,5-6,3,0,0,8.0,解决问题策略:转化
M_G3_GM_03,math,5-6,2,0,0,8.0,圆的周长
M_G3_GM_06,math,5-6,2,0,0,8.0,圆柱的认识
M_G3_GM_08,math,5-6,3,0,0,8.0,圆柱体积
M_G3_GM_09,math,5-6,2,0,0,8.0,圆锥的认识
M_G3_GM_10,math,5-6,3,0,0,8.0,圆锥体积
M_G3_GM_11,math,5-6,3,0,0,8.0,观察物体三视图
M_G3_GM_12,math,5-6,2,0,0,8.0,长方体正方体表面积
M_G3_GM_13,math,5-6,2,0,0,8.0,长方体正方体体积
M_G3_GM_14,math,5-6,2,0,0,8.0,体积单位
M_G4_GM_02,math,7-9,2,0,0,8.0,垂线
M_G4_GM_18,math,7-9,3,0,0,8.0,圆周角
M_G4_GM_25,math,7-9,2,0,0,8.0,平移
M_G4_GM_26,math,7-9,2,0,0,8.0,旋转
M_G4_ST_01,math,7-9,2,0,0,8.0,全面调查
M_G4_ST_02,math,7-9,2,0,0,8.0,抽样调查
M_G4_PR_01,math,7-9,3,0,0,8.0,项目式学习
EN_E4_VB_02,english,7-9,3,0,0,8.0,词义辨析与一词多义
EN_E4_GR_02,english,7-9,3,0,0,8.0,非谓语动词
EN_E4_SK_02,english,7-9,3,0,0,8.0,讨论与辩论
EN_E4_SK_03,english,7-9,3,0,0,8.0,写命题作文/应用文
EN_E4_CU_02,english,7-9,3,0,0,8.0,用英语讲好中国故事
P_P2_08,physics,8,2,0,0,8.0,力的三要素与图示
P_P2_15,physics,8-9,3,0,0,8.0,流体压强与流速
P_P2_16,physics,8-9,3,0,0,8.0,浮力
P_P3_03,physics,8,1,0,0,8.0,噪声与防护
P_P3_06,physics,8,3,0,0,8.0,平面镜成像
P_P3_09,physics,8-9,2,0,0,8.0,光的色散
P_P4_06,physics,8-9,3,0,0,8.0,焦耳定律
P_P4_10,physics,8-9,2,0,0,8.0,电磁铁
P_P4_13,physics,8-9,3,0,0,8.0,发电机
P_P5_03,physics,8-9,2,0,0,8.0,能源与可持续发展
P_P6_03,physics,8-9,3,0,0,8.0,数据处理与误差分析
P_P7_03,physics,8-9,2,0,0,8.0,物理学与社会发展
H_H4_WB_01,history,9,3,0,0,8.0,文艺复兴
H_H4_WC_01,history,9,3,0,0,8.0,第一次世界大战
G_G5_02,geography,7,2,0,0,8.0,亚洲自然环境
ML_ML_G1_01,morality_law,1,1,0,0,8.0,适应新学校
ML_ML_G1_04,morality_law,1,1,0,0,8.0,我爱我的家
ML_ML_G1_05,morality_law,1,1,0,0,8.0,自我保护意识
ML_ML_G2_01,morality_law,2,1,0,0,8.0,家乡的变化
ML_ML_G2_02,morality_law,2,1,0,0,8.0,诚实守信
ML_ML_G2_03,morality_law,2,1,0,0,8.0,不乱花钱
ML_ML_G3_01,morality_law,3,2,0,0,8.0,我们的学校生活
ML_ML_G3_02,morality_law,3,1,0,0,8.0,安全记心中
ML_ML_G3_03,morality_law,3,1,0,0,8.0,家是最温暖的地方
ML_ML_G3_04,morality_law,3,2,0,0,8.0,心中的110
ML_ML_G4_01,morality_law,4,1,0,0,8.0,与同伴友好相处
ML_ML_G4_02,morality_law,4,2,0,0,8.0,做聪明的消费者
ML_ML_G4_03,morality_law,4,2,0,0,8.0,网络新世界
ML_ML_G4_04,morality_law,4,1,0,0,8.0,健康看电视
IT_I1_03,info_tech,5-9,3,0,0,8.0,数据编码
M_G79_GG_08,math,7-9,4,0,0,8.0,余弦
M_G79_GG_09,math,7-9,4,0,0,8.0,正切
M_G79_GG_10,math,7-9,3,0,0,8.0,特殊角三角函数值
M_G79_SP_05,math,7-9,1,0,0,8.0,极差
CH_C2_11,chemistry,9,1,0,0,15.0,化肥
SC_G12_TE_03,science,1-2,1,0,0,9.0,利用各种常见的运动情境
SC_S1_ES_03,science,1-2,1,0,0,8.0,四季变化
M_G79_IP_01,math,7-9,3,0,0,8.0,数学建模: 最短路径
M_G79_QR_03,math,7-9,1,0,0,8.0,在具体情境中
M_G79_QR_05,math,7-9,1,0,0,8.0,在解决生活情境问题的过程中
M_G79_SP_11,math,7-9,1,0,0,8.0,进一步经历收集、整理、描述、分
M_G79_SP_12,math,7-9,1,0,0,8.0,经历数据分类的活动
M_G79_SP_13,math,7-9,1,0,0,8.0,通过实例
M_G79_SP_14,math,7-9,1,0,0,8.0,体会样本与总体的关系
CN_G79_AL_03,chinese,7-9,3,0,0,8.0,词性的辨析
CN_G79_WR_01,chinese,7-9,3,0,0,8.0,立意: 中心明确
P_G79_MA_03,physics,7-9,2,0,0,8.0,物质状态变化的应用
P_G79_MA_05,physics,7-9,2,0,0,8.0,元素周期表
P_G79_MI_02,physics,7-9,2,0,0,8.0,匀速直线运动
P_G79_MI_04,physics,7-9,1,0,0,8.0,增大和减小摩擦
P_G79_MI_07,physics,7-9,4,0,0,8.0,力的分解
P_G79_MI_10,physics,7-9,3,0,0,8.0,物体的浮沉条件
P_G79_MI_13,physics,7-9,2,0,0,8.0,斜面
P_G79_EN_03,physics,7-9,3,0,0,8.0,机械能转化
P_G79_EN_07,physics,7-9,2,0,0,8.0,内能的改变
P_G79_EN_10,physics,7-9,2,0,0,8.0,热机的效率
P_G79_LI_03,physics,7-9,3,0,0,8.0,眼睛和眼镜
P_G79_EM_06,physics,7-9,2,0,0,8.0,电阻
P_G79_EM_09,physics,7-9,1,0,0,8.0,地磁场
P_G79_EM_12,physics,7-9,2,0,0,8.0,能源的开发与利用
P_G79_EX_03,physics,7-9,2,0,0,8.0,等效替代法
P_G79_EX_06,physics,7-9,2,0,0,8.0,滑动变阻器
B_G79_CL_06,biology,7-9,3,0,0,8.0,自然选择学说
B_G79_HE_05,biology,7-9,1,0,0,8.0,安全用药
B_G79_CP_05,biology,7-9,3,0,0,8.0,生物技术: 转基因
G_G79_EM_06,geography,7-9,2,0,0,8.0,分层设色地形图
G_G79_EM_08,geography,7-9,1,0,0,8.0,地球在宇宙中
G_G79_WC_01,geography,7-9,1,0,0,8.0,天气预报
G_G79_WC_07,geography,7-9,2,0,0,8.0,影响气候的因素
G_G79_RE_01,geography,7-9,1,0,0,8.0,世界人口数量
G_G79_RE_04,geography,7-9,1,0,0,8.0,世界三大人种
G_G79_RE_06,geography,7-9,1,0,0,8.0,世界语言
G_G79_CN_01,geography,7-9,1,0,0,8.0,中国的位置
G_G79_CN_03,geography,7-9,1,0,0,8.0,中国山脉
G_G79_CN_10,geography,7-9,1,0,0,8.0,土地资源
G_G79_WO_04,geography,7-9,1,0,0,8.0,埃及
IT_G34_DA_01,info_tech,3-4,1,0,0,8.0,简单的数据分析
IT_G34_AL_01,info_tech,3-4,1,0,0,8.0,算法的特征
IT_G34_PG_01,info_tech,3-4,1,0,0,8.0,认识源代码
IT_G34_SY_01,info_tech,3-4,1,0,0,8.0,计算机的工作原理
IT_G34_NW_01,info_tech,3-4,2,0,0,8.0,网络分类
IT_G34_NW_02,info_tech,3-4,2,0,0,8.0,IP 地址和域名
IT_G34_NW_03,info_tech,3-4,2,0,0,8.0,网络协议
IT_G34_SR_02,info_tech,3-4,1,0,0,8.0,网络谣言辨识
IT_G34_SR_03,info_tech,3-4,1,0,0,8.0,网络欺凌防范
IT_G56_AL_02,info_tech,5-6,3,0,0,8.0,搜索算法: 二分查找
IT_G56_AL_03,info_tech,5-6,3,0,0,8.0,排序算法: 插入排序
IT_G56_AL_04,info_tech,5-6,3,0,0,8.0,递归应用: 斐波那契
IT_G56_PG_02,info_tech,5-6,3,0,0,8.0,面向对象: 封装
IT_G56_PG_03,info_tech,5-6,4,0,0,8.0,面向对象: 继承
IT_G56_PG_04,info_tech,5-6,4,0,0,8.0,面向对象: 多态
IT_G56_PG_05,info_tech,5-6,3,0,0,8.0,模块和包
IT_G56_PG_06,info_tech,5-6,2,0,0,8.0,常用库: random
IT_G56_DA_02,info_tech,5-6,2,0,0,8.0,数据分析: Excel
IT_G56_DA_03,info_tech,5-6,3,0,0,8.0,数据库: 关系数据库
IT_G56_DA_04,info_tech,5-6,3,0,0,8.0,数据库: SQL 查询
IT_G56_DA_05,info_tech,5-6,4,0,0,8.0,数据库: 表的设计
IT_G56_DA_06,info_tech,5-6,3,0,0,8.0,数据挖掘: 关联分析
IT_G56_DA_07,info_tech,5-6,3,0,0,8.0,数据清洗
IT_G56_NW_02,info_tech,5-6,2,0,0,8.0,云计算
IT_G34_SY_03,info_tech,3-4,1,0,0,8.0,在家庭、校园、公园等场景中
IT_G34_SY_04,info_tech,3-4,1,0,0,8.0,在日常学习与生活场景中
IT_G34_SY_05,info_tech,3-4,1,0,0,8.0,通过拍照
IT_G34_SY_06,info_tech,3-4,1,0,0,8.0,在浏览他人数字作品时
IT_G34_SY_07,info_tech,3-4,1,0,0,8.0,通过数字设备辅助学习、交流与分
M_G2_GM_01,math,3-4,1,0,0,7.0,角的认识
M_G2_GM_05,math,3-4,2,0,0,7.0,三角形内角和
M_G3_ST_05,math,5-6,3,0,0,7.0,众数
M_G3_PR_01,math,5-6,2,0,0,7.0,主题活动:校园中的数学
P_P1_09,physics,8,3,0,0,7.0,原子结构
P_P2_10,physics,8-9,3,0,0,7.0,牛顿第一定律
P_P2_11,physics,8-9,2,0,0,7.0,摩擦力
P_P2_13,physics,8-9,3,0,0,7.0,液体压强
P_P2_14,physics,8-9,3,0,0,7.0,大气压强
P_P2_18,physics,8-9,3,0,0,7.0,简单机械:滑轮
H_H2_CM_07,history,8,3,0,0,7.0,五四运动
H_H2_CM_11,history,9,3,0,0,7.0,解放战争
H_H4_WB_06,history,9,2,0,0,7.0,法国大革命
G_G1_01,geography,7,1,0,0,7.0,地球的形状和大小
G_G4_01,geography,7,2,0,0,7.0,国际经济合作
G_G6_01,geography,7,2,0,0,7.0,日本
G_G8_02,geography,8,2,0,0,7.0,巴西
G_G9_02,geography,8,2,0,0,7.0,北极地区
ML_ML_G5_03,morality_law,5,2,0,0,7.0,中华民族一家亲
ML_ML_G6_02,morality_law,6,2,0,0,7.0,宪法是根本法
SC_S3_LS_01,science,5-6,2,0,0,7.0,微生物
IT_I4_03,info_tech,5-9,2,0,0,7.0,网络安全
IT_I5_02,info_tech,5-9,2,0,0,7.0,操作系统
IT_I6_03,info_tech,5-9,2,0,0,7.0,智能应用
IT_I7_01,info_tech,5-9,2,0,0,7.0,信息伦理
M_G12_QR_02,math,1-2,1,0,0,7.0,左右
M_G12_GG_03,math,1-2,1,0,0,7.0,用身体尺测量
M_G34_IP_01,math,3-4,1,0,0,7.0,数学游戏: 七巧板
M_G79_NS_04,math,7-9,3,0,0,7.0,加减消元法
M_G79_IP_02,math,7-9,3,0,0,7.0,数学建模: 增长率问题
M_G79_QR_06,math,7-9,1,0,0,7.0,在简单的生活情境中
CN_G79_AL_02,chinese,7-9,3,0,0,7.0,理解中华民族文化传统
CN_G79_PR_01,chinese,7-9,3,0,0,7.0,阅读新闻和通讯
CN_G79_WR_05,chinese,7-9,4,0,0,7.0,语言: 生动形象
EN_G79_VO_01,english,7-9,3,0,0,7.0,累计词汇 2600 词
EN_G79_VO_03,english,7-9,3,0,0,7.0,词义猜测策略
EN_G79_GR_06,english,7-9,3,0,0,7.0,动词不定式作主语
EN_G79_SK_01,english,7-9,3,0,0,7.0,听懂各种文体短文
EN_G79_SK_03,english,7-9,4,0,0,7.0,参与英语辩论
P_G79_MA_02,physics,7-9,1,0,0,7.0,温度
P_G79_MI_06,physics,7-9,3,0,0,7.0,力的合成
P_G79_MI_12,physics,7-9,2,0,0,7.0,滑轮
P_G79_EN_02,physics,7-9,2,0,0,7.0,势能
P_G79_EN_05,physics,7-9,3,0,0,7.0,比热容
P_G79_EN_06,physics,7-9,3,0,0,7.0,热量计算
P_G79_EN_09,physics,7-9,3,0,0,7.0,内燃机
P_G79_EM_02,physics,7-9,1,0,0,7.0,电路的组成
P_G79_EM_03,physics,7-9,1,0,0,7.0,电路图
P_G79_EM_04,physics,7-9,2,0,0,7.0,电流
P_G79_EM_05,physics,7-9,2,0,0,7.0,电压
P_G79_EM_08,physics,7-9,2,0,0,7.0,磁场
P_G79_EM_11,physics,7-9,1,0,0,7.0,能源的分类
P_G79_EX_02,physics,7-9,2,0,0,7.0,转换法
P_G79_EX_05,physics,7-9,1,0,0,7.0,量筒的使用
G_G79_EM_05,geography,7-9,2,0,0,7.0,日界线
G_G79_EM_07,geography,7-9,2,0,0,7.0,地形剖面图
G_G79_WC_05,geography,7-9,2,0,0,7.0,降水的空间分布
G_G79_RE_03,geography,7-9,1,0,0,7.0,人口问题
G_G79_RE_05,geography,7-9,1,0,0,7.0,人种的分布
G_G79_RE_07,geography,7-9,1,0,0,7.0,世界宗教
G_G79_RE_08,geography,7-9,1,0,0,7.0,聚落与环境
G_G79_CN_02,geography,7-9,1,0,0,7.0,中国的行政区划
G_G79_CN_09,geography,7-9,1,0,0,7.0,中国自然灾害
G_G79_CN_13,geography,7-9,1,0,0,7.0,海洋资源
G_G79_CN_14,geography,7-9,1,0,0,7.0,中国工业分布
G_G79_WO_03,geography,7-9,1,0,0,7.0,西亚
G_G79_AR_01,geography,7-9,1,0,0,7.0,港澳台地区
G_G79_CO_01,geography,7-9,1,0,0,7.0,人类命运共同体
ML_G12_GR_01,morality_law,1-2,1,0,0,7.0,我是小学生
ML_G12_FM_01,morality_law,1-2,1,0,0,7.0,尊敬长辈
ML_G12_HJ_01,morality_law,1-2,1,0,0,7.0,家乡的物产
ML_G12_RU_01,morality_law,1-2,1,0,0,7.0,遵守课堂纪律
ML_G12_MO_01,morality_law,1-2,1,0,0,7.0,诚实
ML_G12_IA_01,morality_law,1-2,1,0,0,7.0,学会交朋友
ML_G12_CO_01,morality_law,1-2,1,0,0,7.0,合理消费
ML_G12_EN_01,morality_law,1-2,1,0,0,7.0,垃圾分类
ML_G12_EN_02,morality_law,1-2,1,0,0,7.0,节约资源
ML_G34_SC_01,morality_law,3-4,1,0,0,7.0,班级生活
ML_G34_FM_01,morality_law,3-4,1,0,0,7.0,孝敬父母
ML_G34_HE_02,morality_law,3-4,1,0,0,7.0,爱护身体
ML_G34_HE_03,morality_law,3-4,1,0,0,7.0,体育锻炼
ML_G34_SA_02,morality_law,3-4,1,0,0,7.0,网络安全
ML_G34_SA_03,morality_law,3-4,1,0,0,7.0,防拐防骗
ML_G34_NW_02,morality_law,3-4,1,0,0,7.0,网络道德
ML_G34_LG_02,morality_law,3-4,1,0,0,7.0,未成年保护
ML_G56_NT_02,morality_law,5-6,2,0,0,7.0,国家机构
ML_G56_NT_03,morality_law,5-6,1,0,0,7.0,国旗国歌
ML_G56_SO_02,morality_law,5-6,1,0,0,7.0,公共生活
ML_G56_SO_03,morality_law,5-6,1,0,0,7.0,志愿服务
ML_G56_CU_02,morality_law,5-6,1,0,0,7.0,文化遗产
ML_G56_CU_03,morality_law,5-6,1,0,0,7.0,传统美德
ML_G56_LG_02,morality_law,5-6,1,0,0,7.0,消费者的权益
ML_G56_LG_03,morality_law,5-6,1,0,0,7.0,义务教育的法律保障
SC_G79_TE_01,science,7-9,1,0,0,7.0,植物能制造和获取养分来维持自身
IT_G56_PG_07,info_tech,5-6,2,0,0,7.0,常用库: datetime
M_G2_QR_01,math,3-4,1,0,0,6.0,计算器辅助计算
M_G2_GM_06,math,3-4,3,0,0,6.0,三角形三边关系
M_G2_GM_10,math,3-4,2,0,0,6.0,周长概念
M_G2_GM_11,math,3-4,2,0,0,6.0,长方形正方形周长
M_G2_GM_15,math,3-4,2,0,0,6.0,面积单位换算
M_G3_ST_02,math,5-6,2,0,0,6.0,复式折线统计图
M_G3_ST_03,math,5-6,3,0,0,6.0,扇形统计图
M_G3_ST_06,math,5-6,2,0,0,6.0,可能性定性描述
M_G3_ST_07,math,5-6,3,0,0,6.0,等可能事件
EN_E4_VB_01,english,7-9,3,0,0,6.0,2000+ 词汇量
EN_E4_GR_04,english,7-9,3,0,0,6.0,定语从句高级
EN_E2_TP_02,english,3-4,2,0,0,6.0,主题:自然与环境
H_H2_CM_03,history,8,3,0,0,6.0,洋务运动
H_H4_WA_03,history,9,2,0,0,6.0,古代印度文明
H_H4_WA_04,history,9,2,0,0,6.0,古代希腊文明
H_H4_WB_02,history,9,3,0,0,6.0,新航路开辟
ML_ML_G5_01,morality_law,5,2,0,0,6.0,面对挫折
ML_ML_G5_04,morality_law,5,2,0,0,6.0,我们神圣的国土
ML_ML_G6_01,morality_law,6,2,0,0,6.0,尊重多样性
ML_ML_G6_03,morality_law,6,2,0,0,6.0,公民的权利与义务
SC_S2_LS_01,science,3-4,2,0,0,6.0,植物的一生
SC_S2_LS_02,science,3-4,2,0,0,6.0,动物的生命周期
SC_S2_LS_03,science,3-4,3,0,0,6.0,人体的呼吸/消化/循环
SC_S2_LS_04,science,3-4,2,0,0,6.0,生物与环境
SC_S2_MS_02,science,3-4,2,0,0,6.0,物质的变化
SC_S2_ES_01,science,3-4,3,0,0,6.0,地球的形状与运动
SC_S2_ES_02,science,3-4,2,0,0,6.0,地球上的水
SC_S3_MS_01,science,5-6,3,0,0,6.0,物质的结构
SC_S3_MS_02,science,5-6,3,0,0,6.0,化学反应
SC_S3_ES_01,science,5-6,3,0,0,6.0,宇宙中的地球
SC_S3_ES_02,science,5-6,3,0,0,6.0,天气与气候
SC_S3_TE_01,science,5-6,3,0,0,6.0,工程设计流程
PE_PE5_01,pe_health,1-3,1,0,0,6.0,认识身体
M_G56_IP_01,math,5-6,2,0,0,6.0,数学游戏: 24 点
CN_G34_WR_06,chinese,3-4,2,0,0,6.0,写事: 环境描写
CN_G34_WR_07,chinese,3-4,2,0,0,6.0,写景: 四季景色
CN_G34_WR_08,chinese,3-4,1,0,0,6.0,写景: 自然景物
CN_G79_AL_01,chinese,7-9,3,0,0,6.0,感受汉语的文化内涵
CN_G79_AL_04,chinese,7-9,3,0,0,6.0,短语的结构
CN_G79_AL_05,chinese,7-9,3,0,0,6.0,句子的成分
CN_G79_AL_06,chinese,7-9,3,0,0,6.0,复句的关系
EN_G12_GR_06,english,1-2,1,0,0,6.0,be 动词 am
EN_G12_GR_07,english,1-2,1,0,0,6.0,be 动词 is
EN_G34_VO_12,english,3-4,1,0,0,6.0,in front of
EN_G79_VO_02,english,7-9,3,0,0,6.0,认读 400 词课外
EN_G79_SK_02,english,7-9,3,0,0,6.0,抓住主要信息
P_G79_SO_01,physics,7-9,1,0,0,6.0,噪声的危害和控制
P_G79_LI_01,physics,7-9,1,0,0,6.0,镜面反射和漫反射
H_G79_CA_14,history,7-9,1,0,0,6.0,秦末农民起义
H_G79_CA_19,history,7-9,1,0,0,6.0,三国鼎立
H_G79_CA_23,history,7-9,1,0,0,6.0,隋朝的兴亡
H_G79_CA_38,history,7-9,1,0,0,6.0,明清加强皇权
H_G79_CN_03,history,7-9,1,0,0,6.0,中国共产党成立
H_G79_CN_06,history,7-9,1,0,0,6.0,林则徐虎门销烟
H_G79_CN_11,history,7-9,1,0,0,6.0,南昌起义
H_G79_CM_06,history,7-9,1,0,0,6.0,十一届三中全会
H_G79_WO_04,history,7-9,1,0,0,6.0,英国资产阶级革命
H_G79_WO_09,history,7-9,1,0,0,6.0,战后世界格局
G_G79_EM_02,geography,7-9,1,0,0,6.0,经线和经度
G_G79_EM_03,geography,7-9,1,0,0,6.0,纬线和纬度
G_G79_EM_04,geography,7-9,2,0,0,6.0,时区和区时
G_G79_EM_09,geography,7-9,1,0,0,6.0,太阳系
G_G79_WC_02,geography,7-9,1,0,0,6.0,常见天气符号
G_G79_WC_03,geography,7-9,2,0,0,6.0,气温的日变化
G_G79_WC_04,geography,7-9,2,0,0,6.0,降水的季节变化
G_G79_RE_02,geography,7-9,1,0,0,6.0,世界人口分布
G_G79_CN_04,geography,7-9,1,0,0,6.0,中国四大高原
G_G79_CN_05,geography,7-9,1,0,0,6.0,中国四大盆地
G_G79_CN_06,geography,7-9,1,0,0,6.0,中国三大平原
G_G79_CN_07,geography,7-9,1,0,0,6.0,中国河流: 长江
G_G79_CN_08,geography,7-9,1,0,0,6.0,京杭运河
G_G79_CN_11,geography,7-9,1,0,0,6.0,水资源
G_G79_CN_12,geography,7-9,1,0,0,6.0,矿产资源
G_G79_WO_02,geography,7-9,1,0,0,6.0,南亚
SC_G34_MS_02,science,3-4,2,0,0,6.0,热胀冷缩
SC_G34_MS_03,science,3-4,1,0,0,6.0,声音的高低强弱
SC_G34_MS_04,science,3-4,1,0,0,6.0,噪声的危害
SC_G34_MS_05,science,3-4,1,0,0,6.0,彩虹的形成
SC_G34_MS_06,science,3-4,1,0,0,6.0,力可以改变物体
SC_G34_MS_07,science,3-4,1,0,0,6.0,重力
SC_G34_MS_08,science,3-4,1,0,0,6.0,摩擦力
SC_G34_MS_09,science,3-4,2,0,0,6.0,弹力
SC_G34_MS_10,science,3-4,2,0,0,6.0,水的循环
SC_G34_MS_11,science,3-4,2,0,0,6.0,空气的性质
SC_G34_MS_12,science,3-4,1,0,0,6.0,电路的组成
SC_G34_MS_13,science,3-4,2,0,0,6.0,导体和绝缘体
SC_G34_MS_14,science,3-4,1,0,0,6.0,安全用电
SC_G56_MS_02,science,5-6,3,0,0,6.0,酸碱盐
SC_G56_MS_03,science,5-6,2,0,0,6.0,能量的转化
SC_G56_MS_04,science,5-6,1,0,0,6.0,能源
SC_G56_MS_05,science,5-6,3,0,0,6.0,能量的守恒
SC_G79_TE_06,science,7-9,1,0,0,6.0,生物具有区别 | @说出生物与
IT_G34_SR_01,info_tech,3-4,1,0,0,6.0,合理使用网络
IT_G56_AL_01,info_tech,5-6,3,0,0,6.0,算法效率分析
IT_G56_DA_01,info_tech,5-6,3,0,0,6.0,数据预处理
IT_G56_NW_01,info_tech,5-6,4,0,0,6.0,网络分层模型
IT_G56_SY_01,info_tech,5-6,3,0,0,6.0,信息系统的开发
IT_G56_SY_02,info_tech,5-6,2,0,0,6.0,项目管理
IT_G56_AI_02,info_tech,5-6,3,0,0,6.0,大语言模型
IT_G56_SR_02,info_tech,5-6,2,0,0,6.0,技术伦理
PE_G12_BM_04,pe_health,1-2,1,0,0,6.0,各种姿势的走
PE_G12_BM_10,pe_health,1-2,1,0,0,6.0,立正、稍息
PE_G12_BM_11,pe_health,1-2,1,0,0,6.0,看齐
PE_G12_BA_02,pe_health,1-2,1,0,0,6.0,抛接球
M_G2_ST_01,math,3-4,2,0,0,5.0,数据收集与整理
M_G2_PR_02,math,3-4,2,0,0,5.0,主题活动:寻找身体上的数学秘密
CN_C1_AL_02,chinese,1-2,1,0,0,5.0,认识家庭学校社会生活常用字
CN_C1_AL_03,chinese,1-2,2,0,0,5.0,学习部首检字法
CN_C1_AL_04,chinese,1-2,2,0,0,5.0,分类整理课内外认识的字
CN_C1_AL_06,chinese,1-2,1,0,0,5.0,借助汉语拼音认读汉字
CN_C1_AL_07,chinese,1-2,2,0,0,5.0,学习音序检字法
CN_C1_AL_08,chinese,1-2,1,0,0,5.0,诵读积累成语谚语格言警句
CN_C1_AL_09,chinese,1-2,1,0,0,5.0,学习书写笔画简单的字
CN_C1_AL_10,chinese,1-2,1,0,0,5.0,养成良好书写习惯
CN_C1_PR_02,chinese,1-2,1,0,0,5.0,运用文明礼貌语言与家人沟通
CN_C1_PR_03,chinese,1-2,1,0,0,5.0,阅读有关学校生活短文
CN_C1_PR_04,chinese,1-2,2,0,0,5.0,阅读有关公共生活短文
CN_C1_PR_05,chinese,1-2,1,0,0,5.0,讲述自己感兴趣的见闻
CN_C1_PR_06,chinese,1-2,1,0,0,5.0,用图画等方式表达所见所闻
CN_C1_LR_01,chinese,1-2,1,0,0,5.0,阅读儿歌/童谣/童话
CN_C1_LR_02,chinese,1-2,1,0,0,5.0,阅读儿童故事
CN_C1_LR_03,chinese,1-2,1,0,0,5.0,讲述故事
CN_C1_LR_04,chinese,1-2,1,0,0,5.0,朗诵儿歌童谣古诗
CN_C1_WR_02,chinese,1-2,1,0,0,5.0,写想象中的事物
CN_C1_SP_02,chinese,1-2,1,0,0,5.0,用礼貌语言交流
CN_C2_AL_02,chinese,3-4,2,0,0,5.0,梳理常用汉字形音义联系
CN_C2_AL_03,chinese,3-4,2,0,0,5.0,关注校园内外汉字和标点正确使用
CN_C2_AL_04,chinese,3-4,2,0,0,5.0,诵读积累成语典故中华文化名言
CN_C2_AL_05,chinese,3-4,2,0,0,5.0,认识同义词反义词
CN_C2_PR_03,chinese,3-4,2,0,0,5.0,根据交际情境清楚得体表达
CN_C2_LR_02,chinese,3-4,2,0,0,5.0,阅读英雄模范事迹作品
CN_C2_LR_03,chinese,3-4,2,0,0,5.0,用口头和书面表达自己的感受
CN_C2_LR_04,chinese,3-4,2,0,0,5.0,尝试写诗歌
CN_C2_WR_02,chinese,3-4,2,0,0,5.0,能写读书笔记
CN_C2_WR_03,chinese,3-4,2,0,0,5.0,能写常见的应用文
CN_C3_AL_02,chinese,5-6,3,0,0,5.0,丰富词语积累注意感情色彩
CN_C3_AL_03,chinese,5-6,2,0,0,5.0,讲普通话写规范字调查
CN_C3_AL_04,chinese,5-6,2,0,0,5.0,诵读优秀诗文分类整理
CN_C3_PR_01,chinese,5-6,2,0,0,5.0,阅读叙事/说明/非连续性文本
CN_C3_PR_02,chinese,5-6,2,0,0,5.0,倾听阅读观察获取信息
CN_C3_PR_03,chinese,5-6,2,0,0,5.0,有条理地表达
CN_C3_LR_03,chinese,5-6,3,0,0,5.0,尝试诗歌小说创作
CN_C3_WR_02,chinese,5-6,2,0,0,5.0,内容具体感情真实
CN_C3_WR_03,chinese,5-6,2,0,0,5.0,能写读书笔记学写常见的应用文
CN_C4_WR_01,chinese,7-9,3,0,0,5.0,写记叙文/抒情文/说明文/议论文
EN_E1_PH_02,english,1-2,1,0,0,5.0,基本发音规则
EN_E1_PH_03,english,1-2,2,0,0,5.0,简单拼读规则
EN_E2_PH_02,english,3-4,2,0,0,5.0,辅音字母发音规则
EN_E2_PH_03,english,3-4,2,0,0,5.0,句子重音与节奏
EN_E3_PH_02,english,5-6,3,0,0,5.0,连读与失去爆破
EN_E3_PH_03,english,5-6,3,0,0,5.0,语调与意群
EN_E4_PH_01,english,7-9,3,0,0,5.0,重音/节奏/语调综合运用
EN_E1_VB_02,english,1-2,1,0,0,5.0,主题词汇:动物/颜色/数字/食物
EN_E2_VB_02,english,3-4,2,0,0,5.0,词性变化
EN_E3_VB_02,english,5-6,3,0,0,5.0,构词法:前缀/后缀/词根
EN_E3_VB_03,english,5-6,3,0,0,5.0,短语动词与固定搭配
EN_E2_GR_03,english,3-4,2,0,0,5.0,there be 句型
EN_E2_GR_04,english,3-4,2,0,0,5.0,可数与不可数名词
EN_E3_GR_03,english,5-6,3,0,0,5.0,被动语态基础
EN_E3_GR_04,english,5-6,3,0,0,5.0,宾语从句基础
EN_E3_GR_05,english,5-6,3,0,0,5.0,定语从句基础
EN_E1_TX_01,english,1-2,1,0,0,5.0,听说简单对话/小故事
EN_E3_TX_02,english,5-6,3,0,0,5.0,识别语篇类型
EN_E4_TX_02,english,7-9,3,0,0,5.0,理解作者意图与观点
EN_E1_SK_02,english,1-2,1,0,0,5.0,口头表达简单信息
EN_E1_SK_03,english,1-2,1,0,0,5.0,初步英语书写
EN_E2_SK_02,english,3-4,2,0,0,5.0,角色扮演对话
EN_E3_SK_02,english,5-6,3,0,0,5.0,围绕主题表达观点
EN_E3_SK_03,english,5-6,2,0,0,5.0,写段落/简单作文
G_G10_01,geography,8,1,0,0,5.0,中国的疆域与人口
SC_S2_LS_05,science,3-4,2,0,0,5.0,保护生物多样性
SC_S2_ES_03,science,3-4,2,0,0,5.0,岩石与土壤
SC_S2_TE_01,science,3-4,2,0,0,5.0,设计与制作
SC_S3_LS_03,science,5-6,3,0,0,5.0,生态系统
SC_S3_ES_03,science,5-6,3,0,0,5.0,地表变化
PE_PE2_02,pe_health,1-9,2,0,0,5.0,小足球
M_G34_IP_02,math,3-4,2,0,0,5.0,项目学习: 班级营养午餐
M_G56_IP_02,math,5-6,2,0,0,5.0,项目学习: 校园绿化
CN_G12_AL_01,chinese,1-2,1,0,0,5.0,认识常用字(天地自然)
CN_G12_AL_02,chinese,1-2,1,0,0,5.0,认识常用字(人物动作)
CN_G12_AL_03,chinese,1-2,1,0,0,5.0,认识常用字(数量词)
CN_G12_AL_04,chinese,1-2,1,0,0,5.0,认识常用字(校园生活)
CN_G12_AL_05,chinese,1-2,1,0,0,5.0,用部首查字法查字
CN_G12_AL_06,chinese,1-2,1,0,0,5.0,生活中主动识字
CN_G12_AL_07,chinese,1-2,1,0,0,5.0,基本笔画: 横竖撇捺
CN_G12_AL_08,chinese,1-2,1,0,0,5.0,基本笔画: 点折钩提
CN_G12_AL_09,chinese,1-2,1,0,0,5.0,笔顺规则
CN_G12_AL_10,chinese,1-2,1,0,0,5.0,间架结构: 左右结构
CN_G12_AL_11,chinese,1-2,1,0,0,5.0,写字姿势
CN_G12_AL_12,chinese,1-2,1,0,0,5.0,声母的认识
CN_G12_AL_13,chinese,1-2,1,0,0,5.0,整体认读音节
CN_G12_AL_14,chinese,1-2,1,0,0,5.0,声调
CN_G12_AL_15,chinese,1-2,1,0,0,5.0,拼读规则: 两拼法
CN_G12_AL_16,chinese,1-2,1,0,0,5.0,轻声和儿化
CN_G12_AL_17,chinese,1-2,1,0,0,5.0,大写字母
CN_G12_AL_18,chinese,1-2,1,0,0,5.0,古诗朗读: 静夜思
CN_G12_AL_19,chinese,1-2,1,0,0,5.0,古诗朗读: 春晓
CN_G12_AL_20,chinese,1-2,1,0,0,5.0,近义词辨析
CN_G12_AL_21,chinese,1-2,2,0,0,5.0,多义词理解
CN_G12_LR_01,chinese,1-2,1,0,0,5.0,阅读科普作品
CN_G12_LR_02,chinese,1-2,1,0,0,5.0,阅读动物故事
CN_G12_LR_03,chinese,1-2,1,0,0,5.0,阅读自然故事
CN_G12_LR_04,chinese,1-2,1,0,0,5.0,阅读成语故事
CN_G12_LR_05,chinese,1-2,1,0,0,5.0,正确朗读
CN_G12_LR_06,chinese,1-2,1,0,0,5.0,流利朗读
CN_G12_LR_07,chinese,1-2,1,0,0,5.0,有感情朗读
CN_G12_PR_01,chinese,1-2,1,0,0,5.0,阅读生活说明书
CN_G12_PR_02,chinese,1-2,1,0,0,5.0,阅读简单的请假条
CN_G12_PR_03,chinese,1-2,1,0,0,5.0,阅读留言条
CN_G12_PR_04,chinese,1-2,1,0,0,5.0,阅读招领启事
CN_G12_PR_05,chinese,1-2,1,0,0,5.0,看图说话
CN_G12_PR_06,chinese,1-2,1,0,0,5.0,用几句话介绍自己
CN_G12_WR_01,chinese,1-2,1,0,0,5.0,用词写句子
CN_G12_WR_02,chinese,1-2,1,0,0,5.0,写几句话日记
CN_G12_OC_01,chinese,1-2,1,0,0,5.0,请教
CN_G34_AL_01,chinese,3-4,2,0,0,5.0,累计识字 2500 个
CN_G34_AL_02,chinese,3-4,2,0,0,5.0,会写 1600 个汉字
CN_G34_AL_03,chinese,3-4,2,0,0,5.0,辨识字形: 同音字
CN_G34_AL_04,chinese,3-4,2,0,0,5.0,汉字结构: 左右/上下/包围
CN_G34_AL_05,chinese,3-4,2,0,0,5.0,汉字结构: 品字形/独体字
CN_G34_AL_06,chinese,3-4,1,0,0,5.0,用钢笔写字
CN_G34_AL_07,chinese,3-4,2,0,0,5.0,用毛笔临摹正楷字帖
CN_G34_AL_08,chinese,3-4,1,0,0,5.0,书写规范、端正、整洁
CN_G34_AL_09,chinese,3-4,2,0,0,5.0,理解词语的感情色彩
CN_G34_AL_10,chinese,3-4,2,0,0,5.0,体会词语的表达效果
CN_G34_AL_11,chinese,3-4,2,0,0,5.0,理解词语在语境中的含义
CN_G34_AL_12,chinese,3-4,1,0,0,5.0,词语的归类
CN_G34_AL_13,chinese,3-4,1,0,0,5.0,冒号引号的使用
CN_G34_AL_14,chinese,3-4,2,0,0,5.0,省略号的使用
CN_G34_AL_15,chinese,3-4,2,0,0,5.0,破折号的使用
CN_G34_AL_16,chinese,3-4,2,0,0,5.0,积累古诗(75 首)
CN_G34_LR_01,chinese,3-4,2,0,0,5.0,阅读叙事性作品
CN_G34_LR_02,chinese,3-4,2,0,0,5.0,阅读说明性文章
CN_G34_LR_03,chinese,3-4,2,0,0,5.0,把握文章的主要内容
CN_G34_LR_04,chinese,3-4,2,0,0,5.0,体会文章表达的思想感情
CN_G34_PR_01,chinese,3-4,2,0,0,5.0,阅读简单的说明文
CN_G34_PR_02,chinese,3-4,2,0,0,5.0,阅读新闻报道
CN_G34_WR_09,chinese,3-4,1,0,0,5.0,写便条/请假条
CN_G34_WR_10,chinese,3-4,2,0,0,5.0,写通知
CN_G34_WR_11,chinese,3-4,2,0,0,5.0,写日记/书信
CN_G34_BR_01,chinese,3-4,2,0,0,5.0,读一本书的策略
CN_G56_AL_01,chinese,5-6,3,0,0,5.0,理解文章中关键词句
CN_G56_AL_02,chinese,5-6,3,0,0,5.0,品味文章中优美语句
CN_G56_AL_04,chinese,5-6,3,0,0,5.0,体会标点的表达作用
CN_G56_AL_05,chinese,5-6,2,0,0,5.0,古诗默写
CN_G56_LR_01,chinese,5-6,2,0,0,5.0,阅读文学作品
CN_G56_LR_02,chinese,5-6,3,0,0,5.0,体会作品情感
CN_G56_LR_03,chinese,5-6,3,0,0,5.0,品味精彩语句
CN_G56_PR_01,chinese,5-6,3,0,0,5.0,把握说明对象特征
CN_G56_CR_01,chinese,5-6,3,0,0,5.0,阅读议论文
CN_G56_CR_02,chinese,5-6,3,0,0,5.0,把握作者观点
CN_G56_WR_02,chinese,5-6,3,0,0,5.0,写人: 典型事例
CN_G56_WR_05,chinese,5-6,2,0,0,5.0,想象作文: 未来
CN_G56_WR_06,chinese,5-6,3,0,0,5.0,想象作文: 科幻
CN_G56_WR_07,chinese,5-6,2,0,0,5.0,写倡议书
CN_G56_OC_01,chinese,5-6,2,0,0,5.0,即席发言
CN_G56_BR_01,chinese,5-6,3,0,0,5.0,欣赏作品人物形象
EN_G12_PH_01,english,1-2,1,0,0,5.0,字母的书写
EN_G12_PH_02,english,1-2,1,0,0,5.0,字母的顺序
EN_G12_PH_03,english,1-2,1,0,0,5.0,字母的音形对应
EN_G12_PH_04,english,1-2,1,0,0,5.0,字母在单词中的发音
EN_G12_PH_05,english,1-2,1,0,0,5.0,单元音发音练习
EN_G12_PH_06,english,1-2,1,0,0,5.0,Big A Little a 歌谣
EN_G12_PH_07,english,1-2,1,0,0,5.0,Phonics 自然拼读入门
EN_G12_PH_08,english,1-2,1,0,0,5.0,简单单词听写
EN_G12_PH_09,english,1-2,1,0,0,5.0,看词读音练习
EN_G12_PH_10,english,1-2,1,0,0,5.0,认读 100 个常见词
EN_G12_VO_01,english,1-2,1,0,0,5.0,教室物品词汇
EN_G12_VO_02,english,1-2,1,0,0,5.0,文具词汇
EN_G12_VO_03,english,1-2,1,0,0,5.0,交通工具词汇
EN_G12_VO_04,english,1-2,1,0,0,5.0,水果词汇
EN_G12_VO_05,english,1-2,1,0,0,5.0,饮料词汇
EN_G12_VO_06,english,1-2,1,0,0,5.0,职业词汇
EN_G12_VO_07,english,1-2,1,0,0,5.0,月份和星期
EN_G12_VO_08,english,1-2,1,0,0,5.0,打招呼用语
EN_G12_VO_09,english,1-2,1,0,0,5.0,感谢用语
EN_G12_VO_10,english,1-2,1,0,0,5.0,道歉用语
EN_G12_VO_11,english,1-2,1,0,0,5.0,请求用语
EN_G12_VO_12,english,1-2,1,0,0,5.0,告别用语
EN_G12_VO_13,english,1-2,1,0,0,5.0,天气表达
EN_G12_VO_14,english,1-2,1,0,0,5.0,时间表达
EN_G12_VO_15,english,1-2,1,0,0,5.0,位置表达
EN_G12_VO_16,english,1-2,1,0,0,5.0,专有名词
EN_G12_VO_17,english,1-2,1,0,0,5.0,动词 have got
EN_G12_VO_18,english,1-2,1,0,0,5.0,连词 because
EN_G12_VO_19,english,1-2,1,0,0,5.0,动词 smell
EN_G12_GR_01,english,1-2,1,0,0,5.0,陈述句
EN_G12_GR_02,english,1-2,1,0,0,5.0,一般疑问句
EN_G12_GR_03,english,1-2,1,0,0,5.0,特殊疑问句: what
EN_G12_GR_04,english,1-2,1,0,0,5.0,祈使句
EN_G12_GR_05,english,1-2,2,0,0,5.0,一般过去时基础
EN_G12_GR_08,english,1-2,1,0,0,5.0,实义动词 look/like
EN_G12_GR_09,english,1-2,1,0,0,5.0,情态动词 can
EN_G12_GR_10,english,1-2,1,0,0,5.0,连词 and
EN_G12_DI_01,english,1-2,1,0,0,5.0,听懂并执行指令
EN_G12_DI_02,english,1-2,1,0,0,5.0,听懂对话主旨
EN_G12_DI_03,english,1-2,1,0,0,5.0,听懂故事关键信息
EN_G12_DI_04,english,1-2,1,0,0,5.0,简单对话表演
EN_G12_DI_05,english,1-2,1,0,0,5.0,听读简单儿歌
EN_G12_DI_06,english,1-2,1,0,0,5.0,听读韵文
EN_G12_SK_01,english,1-2,1,0,0,5.0,听懂问候语
EN_G12_SK_02,english,1-2,1,0,0,5.0,听懂教室用语
EN_G34_PH_01,english,3-4,1,0,0,5.0,辅音字母组合 sh 的发音
EN_G34_PH_02,english,3-4,1,0,0,5.0,正确朗读句子
EN_G34_PH_03,english,3-4,1,0,0,5.0,正确朗读短文
EN_G34_VO_01,english,3-4,1,0,0,5.0,学科词汇
EN_G34_VO_02,english,3-4,1,0,0,5.0,学习用品词汇
EN_G34_VO_03,english,3-4,1,0,0,5.0,房间词汇
EN_G34_VO_04,english,3-4,1,0,0,5.0,水果蔬菜词汇
EN_G34_VO_05,english,3-4,1,0,0,5.0,动物词汇扩展
EN_G34_VO_06,english,3-4,2,0,0,5.0,城市设施词汇
EN_G34_VO_07,english,3-4,1,0,0,5.0,运动项目词汇
EN_G34_VO_08,english,3-4,1,0,0,5.0,名词复数规则变化
EN_G34_VO_09,english,3-4,1,0,0,5.0,形容词性物主代词
EN_G34_VO_10,english,3-4,2,0,0,5.0,形容词比较级规则
EN_G34_VO_11,english,3-4,1,0,0,5.0,next to
EN_G34_GR_01,english,3-4,2,0,0,5.0,名词的单复数
EN_G34_GR_02,english,3-4,1,0,0,5.0,代词: 人称代词
EN_G34_GR_03,english,3-4,1,0,0,5.0,现在进行时: 结构与用法
EN_G34_GR_04,english,3-4,1,0,0,5.0,现在进行时: 标志词
EN_G34_GR_05,english,3-4,2,0,0,5.0,一般过去时: 规则变化
EN_G34_GR_06,english,3-4,1,0,0,5.0,一般将来时: will
EN_G34_GR_07,english,3-4,2,0,0,5.0,感叹句: What
EN_G34_GR_08,english,3-4,2,0,0,5.0,感叹句: How
EN_G34_GR_09,english,3-4,2,0,0,5.0,形容词最高级: -est
EN_G34_DI_01,english,3-4,2,0,0,5.0,阅读短文找主旨
EN_G34_DI_02,english,3-4,2,0,0,5.0,阅读应用文: 通知
EN_G34_DI_03,english,3-4,1,0,0,5.0,阅读应用文: 邀请函
EN_G34_SK_01,english,3-4,1,0,0,5.0,谈论日常活动
EN_G34_SK_02,english,3-4,1,0,0,5.0,谈论喜好
EN_G34_SK_03,english,3-4,2,0,0,5.0,谈论周末计划
EN_G34_SK_04,english,3-4,2,0,0,5.0,谈论过去的事
EN_G34_SK_05,english,3-4,1,0,0,5.0,介绍朋友
EN_G34_SK_06,english,3-4,1,0,0,5.0,角色扮演购物
EN_G34_SK_07,english,3-4,2,0,0,5.0,角色扮演问路
EN_G56_PH_01,english,5-6,2,0,0,5.0,48 个音标认读
EN_G56_PH_02,english,5-6,2,0,0,5.0,音标与拼写
EN_G56_PH_03,english,5-6,3,0,0,5.0,音节划分
EN_G56_VO_01,english,5-6,2,0,0,5.0,话题词汇: 旅行
EN_G56_VO_02,english,5-6,2,0,0,5.0,话题词汇: 健康
EN_G56_VO_03,english,5-6,2,0,0,5.0,话题词汇: 科技
EN_G56_VO_04,english,5-6,2,0,0,5.0,话题词汇: 节日
EN_G56_VO_05,english,5-6,2,0,0,5.0,话题词汇: 体育
EN_G56_VO_06,english,5-6,2,0,0,5.0,前缀 un-
EN_G56_VO_08,english,5-6,2,0,0,5.0,前缀 dis-
EN_G56_VO_09,english,5-6,2,0,0,5.0,后缀 -tion
EN_G56_VO_10,english,5-6,2,0,0,5.0,后缀 -ment
EN_G56_VO_11,english,5-6,2,0,0,5.0,后缀 -ness
EN_G56_VO_12,english,5-6,3,0,0,5.0,后缀 -able/-ible
EN_G56_VO_13,english,5-6,2,0,0,5.0,形容词搭配
EN_G56_VO_14,english,5-6,2,0,0,5.0,音乐话题词汇
EN_G56_VO_15,english,5-6,2,0,0,5.0,艺术话题词汇
EN_G56_VO_16,english,5-6,2,0,0,5.0,历史话题词汇
EN_G56_VO_17,english,5-6,2,0,0,5.0,地理话题词汇
EN_G56_VO_18,english,5-6,2,0,0,5.0,文学话题词汇
EN_G56_DI_03,english,5-6,3,0,0,5.0,阅读议论文
EN_G79_VO_04,english,7-9,3,0,0,5.0,一词多义理解
EN_G79_GR_07,english,7-9,3,0,0,5.0,动名词作宾语
EN_G79_DI_01,english,7-9,3,0,0,5.0,阅读较长文章
EN_G79_DI_02,english,7-9,3,0,0,5.0,理解文章结构
EN_G79_DI_04,english,7-9,4,0,0,5.0,评价文章内容
EN_G79_SK_04,english,7-9,4,0,0,5.0,做正式英语演讲
EN_G79_SK_05,english,7-9,3,0,0,5.0,讨论社会热点
EN_G79_SK_08,english,7-9,4,0,0,5.0,写完整议论文
EN_G79_CU_01,english,7-9,3,0,0,5.0,英美国家价值观
P_G79_MA_01,physics,7-9,1,0,0,5.0,物质三种状态
P_G79_MI_01,physics,7-9,1,0,0,5.0,参照物
P_G79_EN_01,physics,7-9,2,0,0,5.0,动能
P_G79_EM_01,physics,7-9,1,0,0,5.0,电荷
P_G79_EX_01,physics,7-9,2,0,0,5.0,控制变量法
H_G79_CA_13,history,7-9,1,0,0,5.0,孔子和老子的思想
H_G79_CA_18,history,7-9,1,0,0,5.0,东汉兴衰
H_G79_CA_22,history,7-9,1,0,0,5.0,民族交往交流交融
H_G79_CA_37,history,7-9,1,0,0,5.0,宋元文学艺术
H_G79_CA_46,history,7-9,1,0,0,5.0,明清社会危机
H_G79_CN_02,history,7-9,1,0,0,5.0,八国联军侵华
H_G79_CN_05,history,7-9,1,0,0,5.0,国共十年对峙
H_G79_CN_10,history,7-9,1,0,0,5.0,义和团运动
H_G79_CM_05,history,7-9,1,0,0,5.0,文化大革命
H_G79_CM_11,history,7-9,1,0,0,5.0,新世纪成就
H_G79_WO_03,history,7-9,1,0,0,5.0,日本大化改新
H_G79_WO_08,history,7-9,1,0,0,5.0,日本明治维新
H_G79_WO_12,history,7-9,1,0,0,5.0,第三次科技革命
G_G79_EM_10,geography,7-9,1,0,0,5.0,太空探索
G_G79_WC_08,geography,7-9,2,0,0,5.0,全球气候变化
G_G79_WO_05,geography,7-9,1,0,0,5.0,法国
G_G79_PO_01,geography,7-9,1,0,0,5.0,极地保护
ML_G12_SA_02,morality_law,1-2,1,0,0,5.0,校园安全
ML_G12_SA_03,morality_law,1-2,1,0,0,5.0,消防安全
ML_G12_SA_04,morality_law,1-2,1,0,0,5.0,防溺水
ML_G34_IA_01,morality_law,3-4,1,0,0,5.0,尊重他人
ML_G34_CO_01,morality_law,3-4,1,0,0,5.0,学会理财
ML_G34_HE_01,morality_law,3-4,1,0,0,5.0,健康的生活方式
ML_G34_SA_01,morality_law,3-4,1,0,0,5.0,用电安全
ML_G34_NW_01,morality_law,3-4,1,0,0,5.0,合理使用网络
ML_G34_LG_01,morality_law,3-4,1,0,0,5.0,法律是什么
ML_G56_NT_01,morality_law,5-6,1,0,0,5.0,爱我中华
ML_G56_SO_01,morality_law,5-6,1,0,0,5.0,社会生活
ML_G56_CU_01,morality_law,5-6,1,0,0,5.0,中华文化
ML_G56_LG_01,morality_law,5-6,2,0,0,5.0,宪法
ML_G56_PS_01,morality_law,5-6,1,0,0,5.0,青春期的心理变化
ML_G56_PS_02,morality_law,5-6,1,0,0,5.0,情绪管理
ML_G56_PS_03,morality_law,5-6,1,0,0,5.0,挫折教育
IT_G56_AI_01,info_tech,5-6,2,0,0,5.0,生成式 AI
PE_G12_HE_02,pe_health,1-2,1,0,0,5.0,个人卫生
PE_G12_HE_05,pe_health,1-2,1,0,0,5.0,营养均衡
M_G2_ST_03,math,3-4,1,0,0,4.0,读懂媒体统计图表
M_G2_ST_06,math,3-4,2,0,0,4.0,统计图表与平均数的应用
M_G2_PR_03,math,3-4,1,0,0,4.0,认识年月日与 24 时计时法
M_G3_ST_08,math,5-6,2,0,0,4.0,数据意识与应用
M_G3_PR_02,math,5-6,2,0,0,4.0,主题活动:节约用水
CN_C2_PR_01,chinese,3-4,2,0,0,4.0,阅读现代叙事/说明/抒情文
CN_C2_WR_01,chinese,3-4,2,0,0,4.0,写清楚一件事
CN_C4_SP_01,chinese,7-9,3,0,0,4.0,自信负责地表达自己的观点
CN_C2_BO_01,chinese,3-4,2,0,0,4.0,整本书阅读:寓言/童话/故事
EN_E3_VB_01,english,5-6,2,0,0,4.0,1600-2000 词汇量
EN_E4_GR_01,english,7-9,3,0,0,4.0,虚拟语气
EN_E4_SK_01,english,7-9,3,0,0,4.0,听懂原版材料
EN_E4_CU_01,english,7-9,3,0,0,4.0,中外文化内涵与价值观
EN_E1_TP_01,english,1-2,1,0,0,4.0,主题:我与家庭
ML_ML_G5_02,morality_law,5,1,0,0,4.0,主动拒绝烟酒
PE_PE2_04,pe_health,3-9,2,0,0,4.0,乒乓球
PE_PE5_04,pe_health,5-9,2,0,0,4.0,青春期健康
PE_PE5_07,pe_health,3-9,2,0,0,4.0,安全与急救
L_L10_02,labor,7-9,2,0,0,4.0,职业角色体验
M_G34_NS_01,math,3-4,2,0,0,4.0,亿以内数的读写
M_G34_NS_02,math,3-4,1,0,0,4.0,除法的验算
M_G34_NS_03,math,3-4,2,0,0,4.0,减法的性质
M_G34_QR_01,math,3-4,2,0,0,4.0,加法模型: 总量 = 分量之和
M_G34_QR_02,math,3-4,2,0,0,4.0,乘法模型: 倍
M_G34_QR_03,math,3-4,2,0,0,4.0,乘法模型: 总价 = 单价×数量
M_G34_QR_04,math,3-4,2,0,0,4.0,乘法模型: 路程 = 速度×时间
M_G34_QR_05,math,3-4,2,0,0,4.0,探索变化规律
M_G34_QR_06,math,3-4,1,0,0,4.0,使用计算器
